datetime,NO2_BRINGELLY,NO2_CAMDEN,NO2_CAMPBELLTOWN_WEST,NO2_LIVERPOOL,OZONE_BRINGELLY,OZONE_CAMDEN,OZONE_CAMPBELLTOWN WEST,OZONE_LIVERPOOL,OZONE_CAMPBELLTOWN,OZONE_ABERDEEN,OZONE_BULGA,OZONE_CAMBERWELL,OZONE_JERRYS PLAINS,OZONE_MAISON DIEU,OZONE_MERRIWA,OZONE_MOUNT THORLEY,OZONE_MUSWELLBROOK,OZONE_MUSWELLBROOK NW,OZONE_SINGLETON,OZONE_SINGLETON NW,OZONE_SINGLETON SOUTH,OZONE_WARKWORTH,OZONE_WYBONG,OZONE_BERESFIELD,OZONE_CARRINGTON,OZONE_MAYFIELD,OZONE_NEWCASTLE,OZONE_STOCKTON,OZONE_WALLSEND,OZONE_MORISSET,OZONE_WYONG,OZONE_ALBION PARK,OZONE_ALBION PARK RAIL,OZONE_ALBION PARK SOUTH,OZONE_KEMBLA GRANGE,OZONE_WARRAWONG,OZONE_WOLLONGONG,OZONE_BRADFIELD HIGHWAY,OZONE_ALBURY,OZONE_ARMIDALE,OZONE_BATHURST,OZONE_COFFS HARBOUR,OZONE_GOULBURN,OZONE_GUNNEDAH,OZONE_NARRABRI,OZONE_ORANGE,OZONE_PORT MACQUARIE,OZONE_TAMWORTH,OZONE_WAGGA WAGGA,OZONE_WAGGA WAGGA NORTH,OZONE_BARGO,OZONE_BLACKTOWN ,OZONE_CHULLORA,OZONE_COOK AND PHILLIP,OZONE_EARLWOOD,OZONE_LIDCOMBE,OZONE_LIDCOMBE (FORMER),OZONE_LINDFIELD,OZONE_LIVERPOOL,OZONE_MACARTHUR,OZONE_MACQUARIE PARK,OZONE_OAKDALE,OZONE_PARRAMATTA NORTH ,OZONE_PENRITH,OZONE_PROSPECT,OZONE_RANDWICK,OZONE_RICHMOND,OZONE_ROUSE HILL,OZONE_ROZELLE,OZONE_ST MARYS,OZONE_SYDNEY,OZONE_VINEYARD,OZONE_WOOLOOWARE,OZONE_ARMIDALE,OZONE_BOURKE,OZONE_BROKEN HILL,OZONE_BURONGA,OZONE_COBAR,OZONE_CONDOBOLIN,OZONE_COOMA,OZONE_COOMBAH,OZONE_COWRA,OZONE_DENILIQUIN,OZONE_DUBBO,OZONE_EUSTON,OZONE_GRAFTON,OZONE_GRIFFITH,OZONE_GUNNEDAH,OZONE_GUNNEDAH SOUTH EAST,OZONE_HAY,OZONE_HILLSTON,OZONE_IVANHOE,OZONE_JUNEE,OZONE_KYALITE,OZONE_LAKE VICTORIA,OZONE_LAMEROO,OZONE_LISMORE,OZONE_LODDON PLAINS,OZONE_MERIMBULA,OZONE_MOOLAWATANA,OZONE_MOREE,OZONE_NARRANDERA,OZONE_PARKES,OZONE_POONCARIE,OZONE_RAND,OZONE_TEMORA,OZONE_TIBOOBURRA,OZONE_WAGGA WAGGA NORTH,OZONE_WALGETT,OZONE_WALPEUP,OZONE_WERRIMULL,OZONE_WEST WYALONG,OZONE_WHITE CLIFFS,OZONE_WYCHEPROOF,OZONE_CAMMERAY,OZONE_CATARACT RFS,OZONE_KATOOMBA,OZONE_KURRAJONG HEIGHTS,OZONE_LIVERPOOL SWAQS,OZONE_PORT KEMBLA,OZONE_PORT KEMBLA STEELWORKS,OZONE_WENTWORTH FALLS,OZONE_KURRI KURRI,OZONE_BOWRAL,OZONE_BATEMANS BAY,OZONE_COFFS HARBOUR,OZONE_COFFS HARBOUR,OZONE_COOMA,OZONE_GRAFTON,OZONE_LISMORE,OZONE_MERIMBULA,OZONE_PORT MACQUARIE,OZONE_TAREE,OZONE_ULLADULLA,WDR_BRINGELLY,WDR_CAMDEN,WDR_CAMPBELLTOWN_WEST,WDR_LIVERPOOL,WSP_BRINGELLY,WSP_CAMDEN,WSP_CAMPBELLTOWN_WEST,WSP_LIVERPOOL,hour,season_number,forecast_hours,PM25_ABERDEEN,PM25_BULGA,PM25_CAMBERWELL,PM25_JERRYS PLAINS,PM25_MAISON DIEU,PM25_MERRIWA,PM25_MOUNT THORLEY,PM25_MUSWELLBROOK,PM25_MUSWELLBROOK NW,PM25_SINGLETON,PM25_SINGLETON NW,PM25_SINGLETON SOUTH,PM25_WARKWORTH,PM25_WYBONG,PM25_BERESFIELD,PM25_CARRINGTON,PM25_MAYFIELD,PM25_NEWCASTLE,PM25_STOCKTON,PM25_WALLSEND,PM25_MORISSET,PM25_WYONG,PM25_ALBION PARK,PM25_ALBION PARK RAIL,PM25_ALBION PARK SOUTH,PM25_KEMBLA GRANGE,PM25_WARRAWONG,PM25_WOLLONGONG,PM25_BRADFIELD HIGHWAY,PM25_ALBURY,PM25_ARMIDALE,PM25_BATHURST,PM25_COFFS HARBOUR,PM25_GOULBURN,PM25_GUNNEDAH,PM25_NARRABRI,PM25_ORANGE,PM25_PORT MACQUARIE,PM25_TAMWORTH,PM25_WAGGA WAGGA,PM25_WAGGA WAGGA NORTH,PM25_BARGO,PM25_BLACKTOWN ,PM25_BRINGELLY,PM25_CAMDEN,PM25_CAMPBELLTOWN,PM25_CAMPBELLTOWN WEST,PM25_CHULLORA,PM25_COOK AND PHILLIP,PM25_EARLWOOD,PM25_LIDCOMBE,PM25_LIDCOMBE (FORMER),PM25_LINDFIELD,PM25_LIVERPOOL,PM25_MACARTHUR,PM25_MACQUARIE PARK,PM25_OAKDALE,PM25_PARRAMATTA NORTH ,PM25_PENRITH,PM25_PROSPECT,PM25_RANDWICK,PM25_RICHMOND,PM25_ROUSE HILL,PM25_ROZELLE,PM25_ST MARYS,PM25_SYDNEY,PM25_VINEYARD,PM25_WOOLOOWARE,PM25_ARMIDALE,PM25_BOURKE,PM25_BROKEN HILL,PM25_BURONGA,PM25_COBAR,PM25_CONDOBOLIN,PM25_COOMA,PM25_COOMBAH,PM25_COWRA,PM25_DENILIQUIN,PM25_DUBBO,PM25_EUSTON,PM25_GRAFTON,PM25_GRIFFITH,PM25_GUNNEDAH,PM25_GUNNEDAH SOUTH EAST,PM25_HAY,PM25_HILLSTON,PM25_IVANHOE,PM25_JUNEE,PM25_KYALITE,PM25_LAKE VICTORIA,PM25_LAMEROO,PM25_LISMORE,PM25_LODDON PLAINS,PM25_MERIMBULA,PM25_MOOLAWATANA,PM25_MOREE,PM25_NARRANDERA,PM25_PARKES,PM25_POONCARIE,PM25_RAND,PM25_TEMORA,PM25_TIBOOBURRA,PM25_WAGGA WAGGA NORTH,PM25_WALGETT,PM25_WALPEUP,PM25_WERRIMULL,PM25_WEST WYALONG,PM25_WHITE CLIFFS,PM25_WYCHEPROOF,PM25_CAMMERAY,PM25_CATARACT RFS,PM25_KATOOMBA,PM25_KURRAJONG HEIGHTS,PM25_LIVERPOOL SWAQS,PM25_PORT KEMBLA,PM25_PORT KEMBLA STEELWORKS,PM25_WENTWORTH FALLS,PM25_KURRI KURRI,PM25_BOWRAL,PM25_BATEMANS BAY,PM25_COFFS HARBOUR,PM25_COFFS HARBOUR,PM25_COOMA,PM25_GRAFTON,PM25_LISMORE,PM25_MERIMBULA,PM25_PORT MACQUARIE,PM25_TAREE,PM25_ULLADULLA
2018-12-31 23:00:00+10:00,0.2628,0.324783,0.288695,0.249159,6.2133,6.1122,5.0473,5.596,2.7803,4.3914,0.2124,4.4956,0.6191,0.6017,0.1135,2.8195,2.5149,4.4348,2.0821,0.709,0.4588,3.9641,1.3612,1.4049,3.8013,5.029,4.6024,0.6164,0.9556,0.2496,1.9821,0.5564,5.0548,2.2631,4.3593,4.1927,0.2553,3.7774,4.2795,2.751,0.1474,1.6142,1.0183,0.3136,1.8841,0.3924,4.1227,0.4236,1.0577,5.0011,3.1228,0.4628,0.9951,0.5065,1.7988,1.8752,4.3781,4.3439,4.4303,0.8357,3.6604,4.5865,3.5267,7.37,8.17,2.19,0.68,10.36,2.1,3.46,5.5,0.81,3.18,6.98,3.1656,0.8876,1.9879,0.8576,1.7738,0.7601,0,0.1496,2.1809,2.5725,0.7325,4.3731,2.722,1.5056,0.2821,1.7188,4.4581,2.9739,3.8388,2.3376,0,3.2606,3.7549,1.7004,0.1116,0.6928,3.0938,0.1555,0.3362,1.2401,0.9043,0.8118,1.032,2.675,0.7552,4.2982,2.8633,0.1852,0.4502,0.8522,2.5328,1.0134,0.3931,0.1658,1.5409,5.0683,0,1.3177,3.1352,1.9435,0,5.5672,1.7179,2.6684,0.146,1.4832,0.2637,0,0,0.6806,67.157,105.365,282.4,89.512,0.799,0.629,0.217,0.94,10,1,-11,23,17,12,18,15,13,15,7,15,13,25,10,19,5,6,15,10,8,22,19,2,3,13,25,8,20,9,11,23,3,15,19,4,4,11,12,7,8,19,25,18,8,24,16,21,21,9,17,4,20,14,12,5,5,4,17,20,5,15,12,15,20,21,10,15,25,6,14,4,20,24,21,11,3,15,15,6,10,19,19,12,23,7,20,16,12,9,15,4,5,6,1,18,5,8,19,22,22,7,25,12,18,16,13,13,13,23,19,24,11,22,1,8,2,13,15,16,2,26,11,10,14,15,16,20,11,8,6,3
2019-01-01 00:00:00+10:00,0.2103,0.240199,0.415773,0.440914,6.0963,5.7623,6.5732,7.61,3.1552,4.4491,2.7125,2.7417,2.6261,3.79,0.4581,1.8815,3.2415,4.2237,4.3931,2.2953,1.6887,4.1179,0.3924,1.1342,1.7788,1.5982,2.0001,1.8128,4.687,3.5506,0.2337,2.5228,0.1396,2.782,1.511,0.9623,2.8702,0.265,3.6709,1.5604,5.1575,4.4665,1.3045,0.9777,1.033,2.4909,1.3436,2.5548,4.3473,0.1847,0.2285,1.9366,2.2615,4.3109,1.6953,3.4435,0.3226,0.5383,4.1956,0.8684,1.916,4.2145,2.5282,12.21,9.32,13.35,10.22,4.82,3.06,6.61,8.89,1.03,13.25,9.39,0.5,3.036,0,1.9061,1.6012,0.8615,2.4003,0.8082,1.7809,1.3638,0.3743,3.715,0.1656,4.1196,0,0.6975,2.2373,0,0.4534,5.082,1.6276,1.1606,0.9523,3.65,0.106,1.0824,0.1845,2.3441,0,0.67,0.0878,0.9071,1.3445,0,2.8024,1.8637,3.1084,3.6219,0.8525,2.1042,0.0985,0.5954,3.924,0,3.3024,0.8981,2.279,0,4.9545,0.8472,2.6618,0,1.8423,1.6512,0,3.8834,0,1.9759,0.8914,0.2566,85.426,37.385,62.489,75.499,1.682,0.898,3.315,3.24,11,1,-10,21,3,12,13,21,11,17,24,16,24,8,9,11,5,9,3,3,19,7,24,19,13,17,3,11,19,6,23,18,3,5,12,7,22,18,14,3,18,1,3,6,5,12,12,2,24,19,10,8,17,13,7,5,11,24,24,18,3,12,7,19,14,4,6,9,25,23,2,20,19,6,6,13,9,5,14,20,6,20,19,6,3,24,20,6,21,5,2,6,3,18,18,17,25,1,1,11,21,8,13,24,5,15,8,16,8,22,3,19,15,11,2,5,2,18,17,6,22,27,10,8,19,21,25,8,22,10,20,25
2019-01-01 01:00:00+10:00,0.3683,0.34598,0.458698,0.454959,7.8137,7.2683,7.5747,7.6375,5.191,0.1784,3.1479,2.2854,4.5618,4.5043,5.1559,4.9153,2.7715,0.947,1.0514,0.288,1.306,0.7018,0.9906,4.3913,2.1688,4.1098,3.379,3.4656,0.8696,2.976,1.9815,2.4304,0.6142,3.3575,0.8382,2.274,3.8724,1.8962,3.3075,2.8417,4.1619,1.5486,3.0984,0.721,3.2687,0.6433,2.7198,2.7894,4.1798,2.5061,2.6802,3.5188,0.8168,3.9491,1.4953,3.3994,4.4823,2.2217,4.4487,3.7609,0.6819,4.1526,2.8691,12.52,10.9,2.06,2.43,17.92,1.2,4.36,7.57,9.06,10.85,1.45,2.2918,0.346,0.5786,1.2909,2.489,0.7918,0.4096,0.9467,2.4125,4.5554,5.894,0.4651,4.1793,0.9156,0.5793,0.6753,4.7703,2.8522,1.4477,1.5345,0.0507,0,0.9056,2.6283,3.1701,0.9755,3.4374,2.9968,1.7995,1.7093,0.6773,1.1654,0,1.0936,1.0995,1.1381,2.7494,0.4095,1.2406,2.2528,1.186,0.4342,1.9518,0.4887,0.4981,2.4421,0,0.1069,0.7374,1.5727,4.3446,3.9467,0.149,0.3356,0.9968,4.7279,0.1381,0.4302,0,3.7894,96.348,61.972,66.53,85.311,3.699,2.694,3.867,3.693,12,1,-9,2,17,9,17,12,1,11,6,22,10,25,7,22,7,8,15,22,9,9,8,14,3,4,20,12,13,25,5,22,1,17,18,5,22,18,12,11,23,19,23,25,12,13,21,7,8,8,5,24,14,12,10,11,11,7,16,4,11,2,11,9,6,6,16,14,22,4,18,1,11,22,21,10,22,20,16,9,11,9,10,7,3,22,17,11,6,9,1,6,10,5,16,17,17,3,17,20,13,19,13,9,25,19,4,17,15,2,3,10,6,22,7,5,18,24,19,23,11,19,24,13,4,19,4,9,2,19,2,12
2019-01-01 02:00:00+10:00,0.3288,0.362998,0.382132,0.53333,7.971,7.8617,6.5655,7.3348,1.7256,1.0036,0.4387,3.1751,0.4888,0.9589,2.9599,3.1965,3.1368,4.0217,4.559,4.9098,4.6064,3.5212,3.8171,1.9906,1.5163,3.1104,2.7161,2.0735,0.8893,4.883,2.148,0.6255,2.6226,0.902,1.2363,0.6259,3.9152,0.7572,3.5216,4.0051,1.0539,0.8614,0.365,0.1835,5.2652,2.1302,1.1031,0.9648,3.4183,3.7874,2.9689,0.7538,4.9631,3.8751,4.0059,2.2019,0.9917,3.8177,4.3333,3.3375,4.4245,4.9888,2.8626,10.75,11.1,2.41,4.68,12.63,5.01,2.99,0.92,3.11,10.45,8.89,1.4209,0,1.7384,0.6227,0.1021,2.8938,1.6152,0.2842,1.2042,3.1916,0.6046,4.7136,1.5759,0,0.8065,1.5903,1.9667,1.3817,0.0746,0.4739,0.9986,0.7242,0.5991,0.3821,0.0366,2.604,4.1882,1.1647,0.2134,0.7113,3.0021,3.7114,3.4951,1.0885,3.8691,1.6674,3.7058,1.6456,5.4957,2.2558,0.563,0.645,5.4423,0,0.7834,1.4218,0.7603,0.7235,4.8871,0,0,0.2552,2.2309,3.1528,3.3084,2.2473,1.7801,2.7151,0,2.1569,80.148,57.746,72.273,98.87,3.347,2.623,3.975,4.487,13,1,-8,15,6,14,18,10,23,14,14,2,15,6,7,5,1,19,11,3,13,4,20,21,16,21,16,15,5,8,19,8,19,17,1,18,22,4,24,20,15,10,14,8,1,19,19,2,24,23,16,17,20,2,15,20,18,14,14,24,15,8,7,16,8,21,17,17,20,12,21,5,13,8,19,18,3,13,20,2,18,21,9,4,6,18,23,14,7,19,7,2,8,12,6,10,4,4,15,8,20,15,4,20,9,17,18,11,6,8,4,24,8,9,11,14,21,4,19,22,3,6,2,23,24,9,24,25,10,6,8,8
2019-01-01 03:00:00+10:00,0.3557,0.276478,0.266334,0.346563,7.7947,6.8163,5.4002,6.0898,2.9639,2.4236,3.8426,1.3007,4.3432,3.4773,0.1236,2.5527,4.8278,2.103,4.5095,3.4707,0.6833,2.5384,1.3659,1.0345,1.1672,3.8567,3.3575,0.1876,0.3218,1.1119,0.651,0.365,1.7316,1.7364,4.1785,1.2729,4.017,4.2482,0.4722,4.6552,1.0971,4.8632,5.0182,2.5952,2.8316,1.9189,2.807,1.1255,1.8797,3.0796,0.8821,0.7212,4.6549,4.3136,0.2885,2.1739,0.4373,4.1277,1.134,4.8791,5.0789,4.3543,3.0806,3.45,16.85,4.83,0.57,3.19,4.93,0.46,9.12,5.1,6.89,6.93,0,4.921,1.4705,1.1139,1.2886,0.5061,1.3626,2.52,2.016,0.2581,2.3201,3.1086,3.9846,1.6584,1.4664,2.3267,1.3795,2.2911,2.2952,5.5336,4.1473,0.5365,3.6605,0.6275,0.0387,0,0.344,1.4716,0,0.3385,4.0539,0,0.2748,0.7188,2.7424,0.1695,1.3776,1.9657,0,0,0.4942,0.56,0,0.521,1.1874,1.7752,1.3596,0.5691,2.8189,0.5112,1.0419,0.6284,2.3636,0.8431,0.0997,1.7938,0.0589,0.5408,0.6735,4.4518,95.966,51.577,68.642,102.612,3.471,3.031,3.962,4.442,14,1,-7,22,5,17,12,16,20,20,21,10,13,10,3,2,22,2,25,11,3,18,20,6,8,7,14,11,7,11,14,4,12,17,1,14,6,18,16,2,20,15,4,25,5,20,23,13,20,13,14,7,16,5,7,2,14,22,23,3,22,17,9,24,19,12,3,19,17,5,15,23,13,3,12,3,16,4,7,24,25,25,3,18,14,12,8,9,22,16,25,10,22,1,21,22,23,23,13,5,6,24,13,21,19,20,22,22,2,17,4,22,25,13,4,6,13,22,8,25,20,13,8,23,23,1,19,13,3,20,21,10
2019-01-01 04:00:00+10:00,0.2903,0.230008,0.236886,0.337199,6.7655,6.1343,5.2158,5.8633,0.1539,3.0473,2.3222,3.5034,2.372,3.0766,2.4797,1.7145,3.8467,2.8423,2.7328,5.064,5.1998,0.3724,2.5769,0.568,0.1881,3.534,4.3363,3.9792,2.3645,0.2199,2.3218,5.1204,2.3775,2.6322,2.6188,2.4928,0.6244,2.9293,0.2172,4.5369,3.5082,1.0727,4.6791,0.3605,4.1803,0.92,1.3978,3.4011,2.2571,2.3932,1.169,3.7,1.6698,4.5883,5.1587,3.1215,3.7721,1.0889,3.6377,1.5838,1.9174,2.0452,3.6235,9.48,5.06,13,10.97,18.01,2.73,4.01,4.33,0.19,15.04,10.54,0.5107,2.0652,0.1916,2.2476,0,0.2508,2.006,3.8511,0,5.0136,2.3604,1.6256,1.6586,2.1818,0.8538,0.4826,1.2112,2.8275,0.5751,0,3.8589,1.3334,2.7848,3.3347,3.9241,1.3602,0.2708,0.8368,0.7228,4.913,4.6568,0.1946,0,0.9638,0.9868,0.1684,1.8796,2.5212,0.1088,0.5263,4.3266,3.1589,2.1572,1.0762,0.6621,0.4555,2.8666,0.8566,0.9011,4.5813,0.6852,0.2895,0,2.9046,5.1821,0.2937,0.3005,0.9649,0,2.0639,95.182,55.236,79.004,83.211,3.984,2.838,4.782,4.278,15,1,-6,24,5,22,22,13,2,6,16,18,15,18,1,6,7,8,23,3,10,4,4,3,3,6,11,9,7,16,21,4,18,5,21,13,5,6,6,12,8,22,25,24,21,24,6,9,9,25,8,17,7,2,17,19,22,10,23,7,1,24,19,1,10,7,15,14,22,14,16,7,8,24,21,16,8,8,19,15,25,22,25,14,2,11,15,12,15,18,22,13,21,4,1,14,1,12,8,17,24,14,5,15,6,18,10,4,17,20,5,23,8,11,17,13,9,19,22,16,23,17,19,23,13,11,20,14,12,21,20,6
2019-01-01 05:00:00+10:00,0.2257,0.193321,0.240779,0.311143,5.8617,5.5537,5.0012,5.1632,1.6778,1.708,3.3559,1.1287,3.0368,1.8415,3.4251,1.6433,1.8302,4.1463,3.0474,2.3085,1.1236,2.3302,2.5848,2.7955,4.3419,1.7971,4.5927,0.278,3.1728,4.4445,2.7047,1.9221,3.8509,0.3863,4.4926,4.9966,2.5149,2.6776,3.3898,1.7171,1.2959,4.5299,3.5617,2.8179,2.2734,3.6536,3.1426,4.6535,1.5568,4.4657,3.8933,3.7199,2.822,1.5228,1.7204,4.9076,2.4719,2.9112,2.3627,0.9013,0.1629,3.3613,3.2247,13.41,4.87,1.51,1.62,9.23,3.81,0.21,6.44,14.25,0.38,1.86,0.736,1.6996,2.5649,2.6611,0.5691,0.3302,0.8823,0.9186,1.2723,0.3976,0,3.9697,0.8994,0.3983,2.031,0.5177,0.1244,0.445,0.4677,1.0667,4.4858,0.7949,1.2156,0,0.9684,2.9824,3.5849,0.9828,1.372,0.5226,1.8571,0.2062,0,3.641,0,3.7874,1.4933,0.9041,1.6742,0.1391,5.2008,0.617,3.8266,0.72,3.9622,0.9084,5.9594,1.449,0.7398,4.0372,3.3351,5.7298,2.543,0.794,1.2878,2.1266,1.0332,1.852,0,1.8439,94.445,68.329,78.086,91.877,3.525,2.314,4.307,4.09,16,1,-5,10,24,12,11,10,18,15,6,11,23,17,22,19,11,1,17,4,15,14,4,4,10,14,3,24,11,4,19,25,10,16,6,9,17,14,14,10,10,6,23,18,6,7,17,24,14,9,24,22,3,8,25,4,20,2,18,7,22,18,7,17,1,14,21,11,14,16,12,20,19,15,2,3,21,1,22,14,20,24,7,18,20,2,16,17,7,14,11,18,10,19,6,18,8,12,5,4,9,20,20,18,15,12,14,23,14,1,20,23,5,2,18,14,6,3,15,11,7,3,9,21,15,21,17,13,3,22,12,14
2019-01-01 06:00:00+10:00,0.2108,0.270364,0.364363,0.426766,5.0402,5.17,4.997,5.4915,0.5861,3.5405,4.4699,0.1186,4.5941,1.9582,1.3605,1.2798,0.1672,4.127,1.1032,2.0945,4.9072,3.5129,1.2523,4.9969,5.1274,1.3895,4.9847,1.4329,0.5102,4.6506,2.4983,3.9516,5.2303,2.0677,3.9737,5.0961,3.3255,0.9182,4.3458,1.3996,0.4882,1.6324,1.8739,1.294,1.3576,1.9935,1.2944,1.6415,2.1279,3.4958,1.7801,0.391,3.41,0.3962,1.031,1.3084,4.0944,2.3291,1.4453,3.0894,2.1957,1.8981,3.6721,5.96,7.89,3.13,9.27,8.7,7.05,5.07,6.99,11.15,1.24,5.41,2.1425,0,0,3.9086,2.2249,0,0.9665,1.8535,2.006,0.854,2.5684,0,3.9679,2.3236,0.1662,0.2975,3.7661,2.4402,0.1551,2.8964,0,1.217,5.9377,0.2668,0.756,2.9704,3.8158,3.8518,1.192,0.4308,2.0909,0.2302,1.1899,0,0,0.9773,2.8205,0.1608,0.7666,0,0.7276,1.1849,3.0574,0.5229,0,0,0.2885,1.0783,2.1058,0.7866,1.4383,0.6823,0.7158,2.8227,0.6349,2.9019,1.6839,5.3394,0,1.5384,97.196,69.09,72.763,83.598,3.274,1.889,3.666,3.702,17,1,-4,8,6,9,20,3,14,2,19,19,25,19,15,4,1,2,18,11,18,14,10,6,17,12,13,6,18,7,6,24,18,4,17,17,20,11,2,18,17,1,5,20,6,25,15,9,14,12,20,6,9,24,17,18,5,11,18,23,4,16,12,2,13,5,1,12,8,11,11,12,23,12,12,7,23,6,18,2,4,14,15,21,5,10,14,12,8,21,24,24,25,6,20,3,8,23,15,18,24,6,15,25,5,12,16,8,12,10,3,22,16,21,12,17,13,13,13,8,24,15,14,9,19,16,19,3,9,18,6,19
2019-01-01 07:00:00+10:00,0.3613,0.356476,0.513901,0.528547,5.3748,5.2095,5.3218,5.7198,0.677,1.2209,4.3978,0.2667,1.632,4.0072,3.2204,3.5268,3.2347,0.3192,4.5487,0.2527,0.7068,1.4535,4.0171,5.0285,3.1384,2.3216,3.9858,4.8845,4.4762,4.7888,4.8906,0.301,0.6034,0.4689,3.9797,4.5293,1.975,5.2849,3.452,5.0609,2.1902,0.6669,0.1069,0.2253,4.9289,4.3552,1.363,4.3082,4.2165,0.3548,4.8337,1.4994,1.2554,1.6673,3.2752,3.1175,1.0062,1.7371,1.7427,4.4178,0.4436,3.9563,3.3859,12.59,7.15,16.2,11.62,9.79,1.39,0.44,9.44,1.28,12.58,2.2,1.7939,1.2733,4.5012,0.4861,0.6131,0.0163,2.6159,1.9913,3.0414,0.6277,2.7503,0.8805,0.9458,3.5174,0,3.3767,0.4222,0.7545,0.6799,2.1548,0,0,2.0777,0.7034,0,1.3544,0.0973,3.0737,3.7125,0.2042,0.7354,1.5182,2.9175,2.0692,4.4435,0.1885,2.5362,0.6677,2.1165,0.8885,0,1.8407,0.4332,2.5273,3.7554,2.1546,1.8738,0.9089,0.1089,1.2626,0.1621,5.8732,0.962,0,0.9972,2.8567,4.9615,0,0,1.9542,88.173,66.767,65.913,89.714,2.248,1.421,2.946,2.955,18,1,-3,17,11,21,15,23,1,11,14,5,11,19,12,24,3,8,19,6,13,21,5,3,18,21,3,10,5,2,6,19,22,2,12,15,19,15,20,5,4,18,2,14,8,1,13,7,7,19,3,6,24,7,13,15,20,22,20,3,22,19,24,14,3,23,23,6,3,4,5,5,19,13,10,6,20,9,2,12,22,24,22,4,10,14,9,10,25,23,22,17,21,13,14,10,8,5,23,11,12,18,13,19,8,18,21,1,22,23,17,24,4,18,10,19,21,17,7,19,22,29,13,20,11,17,24,4,15,9,9,7
2019-01-01 8:00:00+10:00,0.7675,0.574968,0.902122,0.786968,5.0577,5.114,5.4138,5.179,2.2372,0.7357,4.3361,2.991,1.8902,2.4638,0.1884,5.2472,1.5766,3.8765,3.2105,3.2728,4.4955,2.8738,2.5907,0.3262,1.8494,2.8603,4.2651,0.8894,4.0386,1.2593,1.5425,0.3308,1.8958,3.4287,2.7084,1.4705,5.1669,4.9806,2.8086,3.8912,2.6846,2.8056,0.2567,3.2284,2.8693,0.9117,0.7787,0.2731,1.8063,3.3013,0.9814,3.2019,2.9494,0.1221,1.1208,4.5544,1.7017,4.8392,1.8613,1.8078,3.2448,3.1042,0.2703,13.02,8.66,11.29,18.05,1.73,2.91,5.03,0.58,0.64,13.44,12.82,0.5709,0,1.7843,1.3015,1.3687,0,3.3122,3.4829,0.0509,2.3655,0.7114,0,2.119,2.3397,0.4181,0.0864,0.4815,0.6606,3.3571,0.4502,0.0127,1.9809,0.9842,2.8722,0.8359,1.285,0,0.9366,0.4404,0.1453,5.9021,1.3444,0.7097,0.3212,0.0311,2.1629,1.2139,1.4597,2.7047,3.3938,1.4992,0.5706,0,4.415,0,0.6332,1.2197,1.4045,0.712,5.6327,0,0.8216,0.6798,1.5408,0.9496,0.7445,0,1.79,0.7012,1.3416,97.08,79.831,72.958,102.415,1.685,0.79,2.265,2.308,19,1,-2,22,13,23,20,20,17,19,23,16,13,15,1,14,6,18,19,7,5,22,18,15,18,3,22,15,21,10,4,15,8,15,11,11,13,7,7,25,24,21,17,15,23,10,23,12,25,19,6,2,24,11,19,14,9,24,14,17,14,5,4,25,20,6,2,15,11,9,17,8,23,15,3,24,18,10,15,11,4,9,3,13,3,14,12,12,17,24,21,10,3,15,7,12,6,2,10,24,18,24,4,8,16,14,25,7,9,21,19,11,12,12,14,8,9,7,20,11,19,24,5,12,21,13,8,16,14,22,23,8
2019-01-01 9:00:00+10:00,0.9952,0.829332,1.063939,1.221673,4.5623,4.9225,4.6448,3.697,4.9828,3.0899,5.1572,1.6589,2.5949,0.8197,0.5905,4.3931,5.222,4.1045,4.5556,4.5916,3.4416,5.0163,2.4187,3.9409,0.5185,2.7711,3.3702,1.2808,0.1678,0.8064,4.7365,4.9539,1.3006,3.0359,0.6723,0.6375,1.0677,3.8955,0.8535,2.0745,3.5962,0.3158,4.9535,1.5233,1.3867,3.2143,3.6337,0.9188,2.8743,0.5471,1.2183,3.538,0.1039,0.634,3.9946,0.1498,5.0378,5.0373,1.4359,1.0939,3.5271,2.3003,2.9613,3.08,8.65,9.82,4.07,12.88,3.98,4,2.54,2.52,5.36,10.5,4.1502,5.238,1.3615,0.7423,0.7822,0.7308,3.4504,0.5652,0.2184,1.5838,2.1444,0.7151,1.3922,3.8658,1.3793,0.2765,1.5487,0.2346,1.2859,0,1.8958,1.1302,2.4595,0,1.484,0.4913,2.7125,1.196,2.6572,1.9536,0,4.8177,0.7304,0.194,0.8397,3.7552,1.7116,0.0292,1.8298,0,0.9272,2.9208,1.1953,1.3424,1.441,5.9588,0.3771,3.594,3.0422,2.0098,1.2458,5.4616,2.5374,0.2109,0,0.3577,0.3861,0.3321,0,3.8487,105.903,95.966,68.905,111.06,1.397,0.673,1.511,1.632,20,1,-1,15,15,21,19,12,4,15,14,17,6,23,9,17,4,17,2,4,19,15,10,12,14,15,16,22,9,23,4,11,8,15,4,19,13,19,21,20,24,6,25,11,4,16,3,13,22,10,3,23,16,7,2,24,8,17,3,11,20,6,10,9,8,5,24,21,1,18,23,8,19,25,18,13,15,19,19,6,22,17,21,18,11,4,4,16,3,14,12,13,8,22,11,22,6,15,7,22,23,14,7,9,24,10,15,25,9,14,21,7,16,10,19,8,12,8,21,23,7,18,23,4,18,14,17,13,8,18,13,15
2019-01-01 10:00:00+10:00,1.187,1.03264,1.289744,1.722637,3.7372,3.9432,3.509,2.5365,0.6459,4.0747,3.7514,0.7121,3.5007,1.3847,5.2246,0.2103,4.9239,0.4687,3.292,2.5781,2.7266,3.7906,3.9811,0.8444,3.6542,1.6331,1.5472,3.6343,4.9652,1.361,2.3605,2.2465,0.4032,5.1038,4.7038,3.2013,2.606,0.5499,1.1252,4.935,3.8584,4.4854,2.2862,5.0927,1.6451,2.6555,4.7807,3.4356,3.876,1.2312,3.6557,3.3795,0.8594,3.3731,2.2721,2.0517,3.6332,2.3368,3.8099,4.9276,0.4341,4.6709,5.083,12.86,6.26,3.65,9.83,11.65,2.97,2.66,9.45,10.07,9.2,9.6,1.8855,0.4055,0.8291,0.0246,0.7578,4.5634,3.4891,0.512,4.0025,0.728,1.6322,0.6975,0.1765,1.8193,0,0.8341,3.1492,0.3444,3.8497,0,1.8051,0.9433,0.5441,4.0361,0.4144,3.0829,2.8515,2.1875,1.1186,0,0,1.6904,0,0.2111,0,2.5043,5.4003,2.2001,1.9943,3.7948,0.6714,0,1.7836,2.6305,0.4994,1.5856,0.0548,3.5535,2.7693,4.4007,4.4208,0.3481,1.2203,0,2.1794,0.7088,0.6009,0,0,0,114.366,180,71.017,122.463,1.461,0.318,0.705,0.723,21,1,0,21,15,20,9,11,4,3,24,13,21,16,15,12,14,20,22,7,10,20,24,1,17,14,9,6,2,23,3,18,10,22,15,8,4,25,5,5,9,11,21,4,13,9,16,24,15,11,12,22,12,22,21,10,8,11,8,11,12,7,14,19,25,23,11,13,14,25,22,22,24,6,24,24,12,23,22,7,12,7,24,23,4,19,25,8,14,20,3,15,3,6,5,10,21,16,6,9,9,11,20,22,20,14,21,21,18,9,4,25,22,23,9,5,16,5,23,22,15,16,14,25,21,12,12,8,10,11,19,22
2019-01-01 11:00:00+10:00,,,,,1.811662436,1.981660485,1.422594428,1.56401372,4.9958,0.6607,4.0272,1.3934,1.6816,0.9447,3.4335,2.6176,1.1393,5.1686,2.8294,2.7748,2.7006,1.8487,2.5933,0.4167,4.7006,5.1924,1.9663,3.9587,2.0425,3.213,1.3922,4.109,1.8759,4.449,3.1751,4.1239,4.6518,3.2349,3.9165,2.9857,4.3883,2.9812,0.782,2.7934,1.1888,4.2994,0.2157,0.9853,3.4577,3.5115,3.9832,4.6846,1.959,3.5955,4.8737,4.4068,1.282,1.6946,4.5599,2.192,2.7411,0.695,4.3094,9.13,12.78,1.07,3.12,7.77,4.19,2.5,9.15,7.13,2.04,12.55,0.6155,0.2425,0.0903,1.2757,1.9599,1.0395,4.3389,2.6139,1.7764,2.1524,0,1.6691,1.6627,0,2.2549,1.8319,0.8686,0,1.8257,0.3636,0.6988,0.9428,1.791,0.6795,0.6426,0.9393,2.8538,4.8365,0.7284,0,3.0254,0,1.9211,3.4123,2.6131,5.966,0.458,0.7701,1.302,0.8277,0.6419,3.6597,4.3712,0.3681,0.9984,4.0553,3.5996,0,0,2.1064,3.3167,3.8891,2.2943,0.3607,2.707,3.8253,2.5534,1.1701,0.8037,0.179,,,,,,,,,,,1,23,17,17,2,12,4,2,23,7,3,6,10,16,21,4,12,10,23,23,14,7,3,3,21,11,23,15,10,10,23,8,21,10,12,17,24,18,16,9,9,14,17,8,2,12,2,4,12,18,2,4,16,13,8,16,20,16,7,9,20,3,21,21,20,9,1,4,12,5,13,9,16,18,10,13,9,4,6,13,6,3,7,4,12,17,20,9,15,5,7,22,16,20,8,16,15,12,22,19,8,7,5,19,17,13,16,18,11,15,2,10,19,15,2,6,18,15,22,6,24,16,3,7,20,18,23,9,16,3
2019-01-01 12:00:00+10:00,,,,,1.799045563,1.965211391,1.475511789,1.582353354,1.2943,3.4214,1.2317,1.129,4.4261,1.9932,2.2566,1.6787,3.3297,4.7607,0.7192,0.9555,3.382,2.8521,1.715,2.6252,3.417,1.615,2.0451,3.0134,4.1056,3.3839,1.4057,1.7667,0.6998,2.9355,2.795,0.3444,3.8835,3.5762,4.8593,4.4288,2.1947,2.2196,2.1976,1.845,2.7917,2.3805,3.0451,1.8971,2.3513,3.9629,1.7667,1.3558,4.267,2.8725,4.2762,2.6812,2.8722,1.4002,5.0201,2.1834,1.9876,1.1496,3.8076,6.43,3.39,8.8,11.4,7.38,2.95,2.23,3.8,6.37,14.9,13.21,0.613,2.514,2.8979,0.9592,0.7594,0.0235,0,1.2867,0.0958,0,1.6416,0.2312,4.1807,0,0.8776,0,0.3893,1.2099,0.8967,0.6443,0.8915,2.5965,0.2142,0.9005,2.103,0.3629,0.9519,0.276,0.2518,0.2957,0.2134,2.1565,3.8662,0.3269,5.9051,1.8041,0.8536,4.7711,0,0.8104,2.8607,0.6357,2.9295,2.2232,3.8402,0.9328,3.8836,2.3731,0,0.399,0.6598,0.5069,0.6554,0,1.9043,0,1.0879,0.3969,0.1652,0,,,,,,,,,,,2,14,23,21,10,14,25,13,15,15,19,12,6,7,9,17,13,9,20,1,8,23,23,13,3,11,4,4,13,1,16,24,18,20,5,4,4,4,22,9,8,22,21,7,11,7,9,10,11,15,2,5,11,12,15,15,25,15,10,17,2,16,15,11,11,15,4,10,13,17,6,21,20,14,22,18,20,22,21,10,2,4,20,11,23,18,13,11,7,16,22,12,11,8,18,4,8,23,6,18,1,18,11,21,23,3,18,12,22,22,10,12,12,2,23,20,22,24,14,11,2,3,15,23,2,12,22,19,14,4
2019-01-01 13:00:00+10:00,,,,,1.795884967,1.986819744,1.431917071,1.57916081,0.392,2.0778,2.1622,3.6285,2.8006,3.8893,4.1242,2.2421,2.1889,3.7155,1.9399,0.9445,4.7033,0.2594,2.4045,2.3623,4.9153,2.2421,2.5996,1.4503,3.3788,4.1366,5.0139,2.6434,3.2193,4.9614,1.014,3.1113,3.3717,2.5334,3.019,1.1848,0.5474,3.8081,0.6412,4.8578,2.4181,4.1897,1.413,3.9022,1.1137,4.2149,5.1025,4.6051,1.717,3.2613,3.9259,4.9236,4.5292,3.6944,5.1641,1.12,3.8118,1.8631,3.1136,8.34,15.26,9.46,11.98,4.87,4.39,6.47,5.46,3.26,9.46,2.13,0.8028,3.4398,5.7859,2.5847,0.9708,4.4152,5.0651,0.426,0.6852,0.2419,0.8012,0.6151,5.7079,3.3723,0.9481,1.5121,2.0095,2.5487,0,0.5039,0.9202,2.0712,3.8451,2.9289,1.4644,1.6308,2.9067,0.7842,1.4099,1.9203,0.1308,0.1442,0,0.1397,0.2742,1.2957,1.742,0.2234,2.1637,1.7292,0.6505,0.4878,0.4825,0.0055,0.4316,1.0147,2.5894,0,0.4046,2.958,0.6188,0.0643,4.7176,1.4891,1.8753,0.3096,0,0,0,1.2741,,,,,,,,,,,3,11,12,13,13,25,14,14,6,11,16,19,12,20,21,23,5,1,4,4,4,11,5,17,16,10,7,21,8,10,1,13,17,3,4,8,13,4,16,5,23,22,1,19,13,23,4,13,7,2,24,18,14,3,24,4,7,11,19,19,18,22,14,4,5,23,4,16,19,23,16,18,20,9,14,16,5,15,2,2,15,1,23,20,7,24,12,10,20,6,16,14,4,15,14,18,14,19,6,15,3,16,21,10,25,22,18,21,23,5,12,25,8,24,22,5,6,13,17,13,16,6,8,15,11,6,10,12,11,9
2019-01-01 14:00:00+10:00,,,,,1.785336256,2.006807566,1.436517954,1.59269762,2.0048,4.7693,2.8609,4.6864,1.2353,0.3114,3.3171,2.1959,1.699,2.7273,4.6821,3.3719,1.469,0.2491,3.3321,3.491,4.7867,2.5507,2.7138,3.9655,2.9294,0.5231,2.2046,1.2126,1.6317,0.2212,5.1688,5.0151,4.7199,3.8736,1.2637,5.2675,4.6412,5.1068,2.0227,3.8335,2.8314,0.5539,3.1154,2.4847,0.9023,1.8311,2.007,4.0158,2.4415,2.9062,2.0808,1.2316,1.5753,1.864,2.0888,2.8406,2.151,4.2162,1.9499,4.83,16.37,2.02,17.59,1.07,1.31,1.2,9.72,4.25,11.06,6.77,1.1943,0.6186,3.5275,0.6669,0.5001,0.5028,0.8165,0.1992,0,3.261,2.5527,2.9732,0,1.495,1.7264,1.1648,0,0.1332,0.683,0,0.2547,0.6822,1.7358,1.1406,0.318,1.8293,1.8797,0.4562,0.4617,0.4844,0.5918,5.1043,1.523,0,0,0.1726,1.6488,0.2919,0.7322,0.1496,4.9621,1.2911,1.3295,1.2385,4.5629,0,1.0722,0.7665,0,3.6159,2.3638,2.185,4.6805,4.0503,0,1.933,1.8255,0.2383,0,4.2792,,,,,,,,,,,4,20,13,2,13,6,1,20,5,4,10,16,18,8,16,4,6,6,21,15,25,10,12,22,5,2,21,21,23,9,22,16,16,9,8,8,21,20,25,19,23,19,23,12,2,3,4,17,2,14,18,21,12,3,12,17,11,7,24,3,22,12,9,19,17,12,6,2,21,5,23,10,19,10,22,17,20,9,15,23,20,8,19,6,20,22,22,2,14,23,17,10,22,13,11,3,21,23,2,10,17,17,18,25,23,9,21,19,16,22,15,17,14,9,2,14,9,19,16,17,5,23,7,21,14,15,18,19,15,8
2019-01-01 15:00:00+10:00,,,,,1.777455449,2.038374424,1.481671095,1.529198408,3.2593,4.9884,1.1505,2.2667,0.221,0.9075,0.7072,1.2123,1.1678,3.8128,3.0775,0.2918,0.3475,4.274,2.7046,1.2966,2.2695,1.145,1.9202,3.4741,0.7611,1.8691,3.6414,4.5916,1.0875,2.8258,2.6517,2.2548,3.4753,3.69,2.4398,4.4218,0.9461,4.6661,4.3611,1.6708,3.892,4.7653,5.2763,5.0655,0.6199,4.626,5.0955,3.7529,0.9535,1.5792,0.363,4.6158,4.145,4.3671,3.1806,2.7334,2.2784,1.7521,4.2189,3.15,15.6,8.28,11.25,16.15,5.24,1.18,9.62,13.27,8.19,8.93,1.3496,1.3399,2.4117,0,0.1877,0.076,2.5802,0,0.2459,1.9815,0,0.0613,0.9646,0.004,1.4421,3.3155,0.6945,0.4817,2.8595,4.0506,2.3202,3.1443,0,0.7934,1.7146,3.4865,1.6112,0.2709,4.1584,0.4297,0.1664,0.8229,1.6179,0.4765,0.882,3.791,1.3597,2.266,0.0291,0.467,0.9212,0.9844,0.6801,5.0644,0.9971,0.0558,0.73,0.5142,0,5.7491,4.9303,0,2.8687,0,0.6193,0.9194,1.909,0.2204,0.1401,1.1351,,,,,,,,,,,5,2,7,2,5,4,23,20,11,12,3,21,17,22,19,4,14,23,8,5,8,13,18,3,3,14,13,13,14,11,11,13,9,19,22,12,4,9,4,23,4,24,10,11,15,13,12,14,12,18,3,9,7,25,17,13,13,2,21,16,20,3,22,22,22,6,20,2,18,9,10,11,7,14,6,3,16,10,19,4,24,6,4,13,2,2,17,5,24,4,8,7,25,5,3,11,21,21,8,24,8,19,6,20,11,12,15,4,24,10,14,14,4,25,18,19,2,7,21,3,24,19,8,14,4,19,12,20,15,18
2019-01-01 16:00:00+10:00,,,,,1.799342513,1.994802117,1.3564713,1.528107405,2.8638,4.6276,2.3206,4.7631,3.4396,0.5047,0.7794,5.1283,5.0043,2.4856,2.6217,1.3501,0.4314,2.3724,5.0418,3.958,0.5861,4.8964,1.413,2.3697,0.6444,2.3501,2.6316,2.7565,5.0711,0.3548,0.6163,4.5508,2.972,3.2322,4.453,4.8682,2.2455,3.318,0.7051,3.6391,1.64,3.7674,4.1932,2.5436,0.6661,2.4885,4.562,4.4162,4.33,4.4522,2.562,1.3988,5.1802,4.8188,4.4434,4.446,5.0333,4.6632,4.6574,13.76,13.04,3.73,7.77,4.18,1.67,5.88,4.18,4.48,1.6,6.99,0.7039,2.9847,0.6972,4.8779,3.2535,1.5929,0.6448,3.6668,0,0.8768,1.1747,1.0353,1.3672,1.5685,3.4067,2.8462,0.754,1.974,0.729,1.7486,3.0701,2.0815,0,0.2183,1.2329,0,0,0.7008,1.3154,2.2932,2.693,0,0,1.5653,1.9604,4.9416,2.7172,4.8373,1.0406,0.0987,1.7768,0.0769,0.8905,1.1498,0.0535,0.5193,5.6432,3.2075,0.9118,1.4811,5.3534,0,0.2734,0.1681,1.3184,1.0761,0.1639,0.5854,0,0.7121,,,,,,,,,,,6,6,17,18,11,8,19,6,1,17,22,19,10,16,20,12,11,7,17,8,19,15,3,21,5,1,11,16,18,24,15,6,2,15,7,5,22,5,21,22,18,3,19,12,2,15,16,20,8,14,14,5,10,22,9,1,24,2,16,10,22,15,25,4,16,4,2,4,14,11,1,1,2,9,23,10,16,13,8,5,7,23,22,25,7,10,4,17,4,6,2,17,6,9,14,8,19,12,19,12,15,16,11,6,18,7,6,19,4,16,4,6,18,19,11,16,2,24,19,10,13,11,15,15,19,19,24,7,18,17
2019-01-01 17:00:00+10:00,,,,,1.763366103,1.953834176,1.408522487,1.542739987,4.5888,2.4013,3.1146,4.8091,4.835,0.8398,2.9135,3.561,1.4469,2.0864,4.6028,2.1587,1.3506,5.0606,1.887,2.907,3.464,4.7791,2.5256,1.4249,4.132,1.8643,1.0293,2.4853,4.607,5.2902,3.9471,1.8014,5.203,4.1547,1.1208,4.2479,0.7388,4.2158,2.3788,0.3634,5.0728,0.2217,5.2242,0.2571,3.4711,1.3675,3.4719,0.9631,1.712,1.1437,3.7573,4.4254,3.7351,3.9898,2.6343,2.7439,0.9267,3.4234,1.1274,9.59,13.31,12.36,14.38,17.97,3.36,0.42,7.3,13.09,4.69,12.86,0.9443,3.2132,0.6196,0.2116,0.9496,5.2414,4.1157,3.4903,2.6041,3.2893,0.0946,0,0.8444,1.4096,4.2846,0.0233,0,2.967,4.1662,1.077,0,1.9165,2.8722,2.5104,1.2868,1.1599,1.7138,2.6781,1.6427,1.6736,1.4781,0,0,0,2.31,0.4936,0.2078,5.6863,1.0558,5.8045,0.1568,0.3494,0.7209,3.7802,0,0.7534,2.3183,4.3311,0.4715,0.8844,2.9009,0,0,5.2387,5.116,0.4904,0,0.2312,0,0.8194,,,,,,,,,,,7,14,22,19,6,18,9,15,20,15,4,3,20,9,23,10,9,16,18,22,2,17,5,21,12,10,9,23,8,19,3,3,22,9,23,14,12,13,20,4,8,25,2,16,17,19,1,11,14,1,14,21,14,25,12,12,9,10,22,3,13,8,20,13,2,21,12,22,7,1,13,5,7,17,5,12,18,13,10,16,4,21,17,10,4,3,2,11,22,13,3,20,18,15,15,18,21,4,6,5,18,18,2,9,11,5,20,15,15,17,9,16,13,3,6,20,10,17,12,27,8,8,8,7,6,2,24,21,3,5
2019-01-01 18:00:00+10:00,,,,,1.805206418,1.993246794,1.418100238,1.511853099,2.1651,0.5972,2.2873,2.9893,4.0386,2.8967,2.2679,2.2004,0.9308,4.9398,4.9015,0.3553,4.7912,2.9099,0.8838,1.8021,1.8025,2.5625,3.0256,0.1493,1.4465,4.2957,1.0867,1.8549,2.0061,0.9967,3.784,1.4579,2.2266,3.2779,1.573,1.0741,1.1601,0.5502,0.508,3.9957,4.5233,0.4984,2.7204,2.5226,2.1975,3.2769,4.507,4.9333,2.8913,2.0282,3.7553,1.6841,4.1227,3.9375,2.0739,1.2502,1.0067,2.3575,1.0596,4.26,4.19,7.47,5.59,14.02,3.25,2.02,8.72,6.67,8.69,0.19,0.5871,3.1947,1.509,0.4946,0,4.5584,0.9681,0,2.895,0.8118,1.6991,5.6907,0.7745,3.747,0.5792,0.7612,0.3029,2.9604,3.4682,0.9436,1.467,2.7523,0,0,2.6203,3.3719,0.0767,0.9706,1.9062,0.5565,0.3443,0,0.7089,0.2076,0.6898,0,0.2244,1.3364,1.546,1.1548,0.719,0.3404,0.7756,1.787,1.325,3.4165,0.0166,0,2.078,4.0682,3.4918,1.1129,0.756,1.6285,0.7813,5.1257,0.1261,0.2422,0,0.1159,,,,,,,,,,,8,14,20,16,11,11,11,22,23,23,20,20,4,21,24,22,4,10,12,11,15,5,5,8,7,18,1,17,11,6,2,21,1,4,8,4,10,20,6,5,4,9,6,21,21,10,12,23,9,6,14,20,9,19,22,14,25,11,16,21,1,7,19,16,10,13,15,12,8,6,4,21,23,12,23,5,11,14,12,18,6,9,18,24,17,8,8,23,11,13,9,15,16,20,9,8,10,7,23,16,5,4,17,23,4,16,9,6,20,22,23,11,8,20,14,3,12,3,9,2,10,22,17,13,10,23,24,15,8,20
2019-01-01 19:00:00+10:00,,,,,1.772087812,1.994626284,1.395570755,1.520570397,2.7233,3.8767,5.186,1.983,3.9258,2.029,1.1637,5.1333,2.9262,2.8766,3.8967,2.432,5.057,1.7755,4.4348,3.4897,2.2768,2.6451,5.0737,1.5998,3.4057,1.7562,2.3643,0.9573,1.7688,3.0014,5.0226,0.101,5.1084,2.9365,0.6388,1.1553,3.1747,0.5781,3.688,0.6697,3.9213,3.1687,2.5055,0.8186,1.8625,1.9046,2.7344,0.1628,1.9363,3.2592,5.0092,1.1373,4.624,1.8698,1.3623,0.4781,3.6962,3.994,0.9281,3.73,14.83,13.62,0.27,0.51,5.44,1.41,5.07,14.95,9.61,10.48,1.0152,2.7129,0.6937,0.4742,2.0253,0.2028,1.2265,0.0136,2.4765,0,0.3482,0,0,0.6834,2.6469,0,3.7136,0,0.9797,0.3986,0,0,1.5428,3.3075,2.2335,0.8935,1.1354,1.7874,1.1098,1.4499,2.2567,0,0,0,3.1671,0.4718,3.9098,3.7793,2.6924,0.2162,0.01,0.5901,2.8019,2.9826,0.7388,1.3672,3.5632,4.6736,0.8088,0.5983,0,0,1.0006,0.3693,0.4489,2.8694,0.6561,0.266,0.4306,0.2128,,,,,,,,,,,9,17,3,11,14,14,23,16,8,6,17,11,3,10,3,15,24,23,15,12,3,23,8,3,11,3,22,23,22,5,17,22,5,19,13,2,16,16,2,20,8,9,19,12,22,9,25,19,20,24,10,24,18,18,11,14,19,4,2,13,11,15,10,22,6,11,10,9,14,20,6,11,11,2,5,4,21,25,16,11,20,15,20,7,10,7,23,3,16,2,16,25,4,15,16,7,11,14,11,5,5,15,8,11,17,13,2,8,4,12,22,21,25,2,13,14,6,18,9,6,11,19,22,17,2,2,5,20,9,5
2019-01-01 20:00:00+10:00,,,,,1.758706808,1.97355175,1.391000748,1.536314368,1.306,0.3851,3.5018,0.6583,1.6973,4.7828,4.4488,5.2329,3.516,2.4717,4.6924,4.3245,0.1294,2.5038,3.3512,4.9183,2.5099,5.1684,2.7815,3.7489,2.0498,1.897,0.5327,2.4424,4.9977,4.731,2.2868,1.0695,1.4053,3.6833,5.1496,3.8123,2.5321,4.7688,3.1419,1.075,2.5724,0.2732,2.7945,3.6894,0.5341,1.6614,2.3967,4.1501,0.7959,4.538,3.0313,4.7898,3.5876,0.7914,1.5083,3.6991,0.5498,0.6751,2.7299,12.1,16.32,1.3,13.13,17.37,0.83,2.05,7.16,8.37,4.12,11.45,1.5711,2.0631,1.3635,1.1218,1.4126,1.3331,0.9784,0.3689,0,2.1873,2.1588,1.2114,3.7423,0.9804,3.2413,0.5345,2.425,4.0045,1.2357,2.7881,0.5526,0.1826,3.2275,0,1.0988,0.2282,2.5377,4.1795,3.5538,2.9145,5.5044,0.5262,4.9605,1.6174,3.0037,0,2.6208,4.6628,4.4272,1.7246,0.9584,0,1.0431,0,3.1737,3.0932,0.661,3.0157,0,3.4401,0,1.3657,0.9816,2.5649,1.2151,0.8412,1.5873,0,0.0563,0,,,,,,,,,,,10,5,20,20,13,17,4,6,2,10,18,13,4,15,23,3,12,11,15,23,6,4,5,23,12,25,13,24,7,22,8,16,13,15,8,12,2,23,20,19,19,20,11,3,6,4,12,13,21,3,9,17,15,12,14,10,22,22,21,18,17,18,20,18,22,11,18,11,25,16,25,9,11,5,9,14,21,3,13,14,7,23,21,5,22,2,24,23,22,21,6,22,19,14,23,17,1,24,6,6,7,13,24,8,19,8,12,13,19,22,8,3,6,4,10,17,20,23,13,12,12,3,7,23,19,19,16,18,8,20
2019-01-01 21:00:00+10:00,,,,,1.877039552,1.971852779,1.42870152,1.52179265,1.482,0.4143,0.2906,4.8253,3.6522,3.2275,1.9011,4.302,1.4986,1.4595,0.766,4.4039,2.5819,4.2245,2.1512,2.2597,4.4753,2.9598,2.856,0.5199,1.4452,0.8845,2.9354,1.9961,1.7777,0.4206,4.5529,1.9688,5.2743,3.4106,4.3851,1.5304,0.9412,4.332,4.546,3.653,1.3139,4.8707,1.7274,3.9587,2.0757,1.0564,2.8319,1.9741,1.5253,5.0335,3.8386,0.295,4.7942,2.2101,2.0918,2.0256,2.0668,1.0538,3.5865,18.09,2.82,7.87,14.92,3.03,0.96,3.66,2.94,5.58,14.29,12.09,1.0518,0,0,0.637,0,0.8191,0,0.4902,0,0.0182,1.7882,1.6177,2.1345,3.2497,0.1493,1.3305,0.0634,2.8863,1.5746,2.3833,0.323,0,0,2.505,2.485,0,0.1004,0.9521,0,2.5692,0,4.326,1.1382,4.9731,1.8152,0.346,1.8442,1.5722,2.2479,0.0605,0.8923,0.4674,0,0,2.4317,0.48,0.307,1.5987,1.4004,0,0,1.3558,0.0094,3.849,2.7926,1.9851,0.7686,0.7959,0.5052,2.0102,,,,,,,,,,,11,11,11,21,10,15,15,4,22,15,15,12,11,9,3,24,11,4,12,21,16,16,6,16,6,13,20,6,5,20,3,1,5,24,18,15,19,3,7,18,14,14,13,17,23,12,15,19,4,23,4,2,19,19,25,2,15,17,2,24,14,19,20,2,14,8,16,24,24,14,9,16,11,14,22,17,8,24,22,25,14,12,17,20,7,13,13,20,16,16,25,18,8,16,25,17,11,22,7,15,24,12,12,21,17,2,15,2,17,16,17,9,4,11,12,21,8,5,10,25,22,7,8,24,16,2,8,13,24,11
2019-01-01 22:00:00+10:00,,,,,1.775855184,1.987890124,1.369533777,1.548630595,5.0559,3.4241,2.2422,0.3921,5.2779,0.8188,3.262,3.1366,0.153,0.1247,4.6168,4.4161,1.6422,4.0687,0.969,4.3171,5.0475,4.8012,2.5023,2.1287,5.1654,2.6399,3.2238,0.6934,1.132,3.1965,0.9369,5.0073,4.5,4.3013,3.2508,0.1738,3.2949,1.9884,4.4389,2.1823,3.9122,4.4212,4.9428,1.5605,4.8833,4.933,4.9586,2.0132,1.3083,2.2175,1.3657,3.9405,3.4986,0.3181,0.9934,1.1259,2.3527,1.5298,4.7742,17.62,7.05,15.27,14.22,9.62,0.72,6.5,8.58,1.35,13.52,11.17,4.7102,1.2961,4.0591,0.5146,0,0.7755,1.5294,2.0197,1.3437,0.9878,0.4081,3.1583,0.872,2.8609,1.8499,0.5573,0.4486,0,2.6013,0.6906,1.1308,1.1747,0,0.6272,2.3104,0.8036,4.813,5.389,0,1.2201,3.8332,1.9421,0.8435,1.6734,1.4552,0.7409,1.6135,0.7756,3.3026,0,2.6684,1.6805,1.0408,0.3382,0.932,4.127,0.2408,4.8438,2.3451,2.8309,1.4145,0.853,0.3249,0.0284,4.8716,5.4739,1.3743,2.748,0.5273,3.5927,,,,,,,,,,,12,4,3,6,23,11,21,24,14,15,7,23,8,16,20,25,18,7,23,9,22,6,21,18,2,5,18,24,13,8,11,21,14,13,4,13,8,21,2,18,5,24,22,21,14,21,4,24,21,3,10,7,1,2,5,8,12,8,11,22,5,18,24,12,21,19,6,24,23,8,6,15,18,11,18,25,25,4,1,25,6,24,2,2,14,21,21,19,4,3,16,13,17,13,18,24,3,15,18,25,18,8,21,7,13,22,6,2,18,22,9,20,2,8,1,8,3,2,16,19,13,21,11,5,9,10,23,6,20,6
2019-01-01 23:00:00+10:00,,,,,1.813740134,1.948782921,1.440794587,1.472431183,5.1492,0.895,4.7347,0.5609,1.9002,0.1535,0.4657,0.219,2.9262,4.1572,0.7865,2.279,1.422,0.1024,0.7417,2.1826,4.2789,4.7955,4.6632,1.9038,4.7768,4.4964,4.829,2.0391,4.7749,4.4472,0.8723,4.4153,4.6278,5.262,2.2974,1.8539,1.7166,3.7639,1.9649,4.0297,1.7149,3.5083,4.7945,3.3912,2.1351,2.3656,4.2018,1.9388,1.5796,1.0592,1.8842,3.3828,1.0155,3.4287,4.5181,3.1008,2.0877,0.283,2.4987,17.49,8.5,15.74,5.8,6.05,5.49,1.18,3.3,12.3,13,7.93,0.8615,1.4025,4.6549,4.8501,0.0547,0,3.5086,0,1.5165,0.6531,0.6711,0.2104,0.6569,0.7766,0.5361,0.8499,0.638,1.9795,0.1718,3.9427,1.186,2.4102,1.785,1.2116,0.0591,2.8603,3.5866,3.6482,4.663,2.9025,2.1765,2.0348,0.8182,3.1139,4.763,0.9166,1.4333,2.8541,4.1624,0.8237,0.0965,1.6948,1.7476,0,0.8778,1.08,0.7541,0.0524,1.2491,3.0621,0.7823,0.0414,5.4398,0,1.6745,1.8898,3.7746,3.7397,0.8439,3.5243,,,,,,,,,,,13,3,2,8,21,19,4,1,7,23,24,7,7,18,20,20,4,21,4,14,13,23,21,18,14,4,1,13,3,14,8,5,3,11,22,5,20,12,8,20,21,16,6,21,10,17,3,5,1,17,4,17,17,18,19,10,13,6,16,4,6,23,17,22,24,19,4,17,7,7,22,14,4,7,23,5,14,21,15,17,8,2,22,8,3,25,6,22,2,4,7,16,19,16,13,11,5,10,4,22,6,14,17,7,13,17,19,6,16,5,22,9,2,23,25,3,24,11,21,27,11,17,9,7,24,22,22,8,14,14
2019-01-02 00:00:00+10:00,,,,,1.818159461,1.999818325,1.489003181,1.568069339,0.6879,5.0182,3.5574,4.5255,3.1218,1.6732,2.9185,3.4697,3.2274,4.564,3.8054,0.4597,3.6615,3.1436,3.3148,1.7599,3.9621,3.5893,0.8407,2.8472,0.2667,4.0724,0.8557,4.3324,1.021,2.0054,4.1763,1.0519,4.4413,3.6193,1.0729,3.5729,2.7125,1.5077,1.2728,3.7804,1.1475,2.168,4.109,0.3265,1.1587,4.7262,2.2099,0.7197,4.1021,2.1921,4.3694,0.5354,3.3103,2.2925,2.6963,2.7479,1.148,2.8429,0.182,17.84,0.85,17.14,6.24,4.16,2.53,2.75,1.22,11.28,0.88,2.22,2.5671,1.1887,5.1074,0.539,1.9047,4.2105,1.5229,0.3491,1.1873,0.2117,0.7829,3.6144,1.6838,0.448,2.5784,0.7498,2.3903,0.7873,3.388,5.0811,0.1863,1.019,0.1987,0.4885,0.1523,5.6344,3.7877,3.6508,0.1095,0.1503,1.587,2.6042,0.5993,2.0357,0.8324,0.9112,0.2668,0,2.9673,0.9568,0,2.3603,1.316,0,5.6067,0.0742,5.1358,0,0.3562,0.8081,0.5519,4.7196,1.7953,2.4779,0,0.4979,1.2128,3.7221,0,0.3964,,,,,,,,,,,14,15,8,18,19,8,22,9,11,1,3,3,17,3,8,18,16,6,18,24,11,6,14,15,19,11,19,9,6,12,12,8,14,19,19,23,23,15,22,6,17,18,17,2,9,2,14,1,2,11,19,18,21,21,14,10,12,6,11,10,1,18,22,7,2,13,18,7,3,12,16,19,15,19,17,4,7,20,16,18,21,19,14,4,8,18,23,5,8,15,22,3,2,18,10,8,12,14,3,2,19,6,19,5,6,23,18,4,25,16,24,5,10,22,14,3,22,20,8,22,17,11,19,17,16,11,16,16,14,9
2019-01-02 01:00:00+10:00,,,,,1.783525944,1.998910666,1.444278359,1.534065485,4.0561,2.4149,4.0918,0.3673,3.1183,0.4749,0.6115,1.0702,3.2702,1.3278,2.6091,4.3557,3.3001,3.2906,3.3255,2.4055,2.9327,1.9722,5.207,3.9675,0.7972,1.9176,0.5326,2.7701,4.9859,2.0798,2.0809,0.937,4.81,0.1127,0.4433,2.8191,4.9323,2.0358,3.8635,0.6021,2.1643,3.8688,1.8557,3.374,1.4173,3.3049,2.1481,1.1113,2.3292,3.1718,4.0054,0.5108,3.3988,3.0423,4.949,4.5433,1.5413,3.8652,4.6038,15.98,5.64,17.02,6.7,4.71,6.17,2.35,0.97,2.85,6.19,14.11,2.5407,0,0.069,3.3817,3.8921,3.7071,1.3097,1.373,3.0076,2.9687,1.6087,0.4195,1.7322,4.0192,0,1.3615,0.3809,2.3212,3.4004,1.8986,5.2038,0,0.4994,4.5838,0,0.2387,0.2045,0.4936,2.1851,1.3484,2.2931,2.5248,0,0.1335,0.8527,1.4901,1.821,1.8446,1.0369,2.3256,0,0.1726,0,0.0183,2.2411,0.3893,1.621,3.9496,3.7181,2.1076,0.3395,0.5817,0.3026,0.3411,1.7302,2.2311,1.9377,0,0,1.61,,,,,,,,,,,15,14,12,6,12,19,25,4,9,18,14,17,19,4,13,12,23,25,16,10,6,16,17,6,18,13,24,16,3,8,3,9,25,7,17,24,5,13,12,9,15,3,21,18,12,2,13,18,23,2,25,5,23,3,12,2,2,2,21,22,9,21,9,6,23,20,19,8,19,23,18,19,17,15,4,12,18,22,4,20,14,10,23,20,20,19,10,18,11,10,10,18,15,10,13,13,7,24,13,1,17,7,7,7,15,8,15,12,1,8,21,17,12,22,2,16,1,2,1,28,2,8,19,23,22,2,2,2,17,4
2019-01-02 02:00:00+10:00,,,,,1.768738508,1.973225236,1.411161184,1.523514271,3.4775,0.3239,3.1233,2.4972,4.3345,2.4077,1.7806,1.301,2.8589,5.0498,5.0097,4.9751,0.7611,4.2744,1.6295,2.1798,0.8579,4.3562,3.2612,4.9316,3.7543,4.4276,2.7409,3.3759,2.3986,3.6654,5.0323,3.8737,2.6722,1.5923,3.939,3.5085,0.2269,2.6072,3.2464,0.7906,1.847,2.4069,4.9626,3.9373,4.3744,0.1584,3.6641,0.567,3.9623,0.9653,2.3647,2.4296,3.0526,2.5661,2.9133,4.4625,4.6383,3.544,3.3744,4.13,1.1,17.37,8.64,3.93,1.57,4.13,4.76,10.62,1.39,5.97,3.6457,1.3354,0,0,1.9558,0.2256,0,2.4624,0.4963,4.4778,1.1798,1.6722,0.2659,1.1464,2.3517,0.929,1.3179,2.4102,0,0.0758,4.5626,0.8174,2.2657,2.18,2.0977,2.8429,4.7512,0.1457,4.0395,0.8691,1.6468,5.59,2.0405,0.0969,3.338,0,0.1112,4.4186,0,0.4596,0.1803,0.0415,0.9013,0.3681,2.3416,0.8383,3.1648,0.981,1.9606,3.014,0.1075,0.6208,2.8749,0.6027,0.5028,0.0387,0,0.599,0.6956,0.7654,,,,,,,,,,,16,23,23,21,24,3,3,7,8,3,7,22,6,24,13,5,17,13,14,16,6,17,24,8,4,5,9,5,22,7,5,2,22,13,25,3,13,4,12,7,15,24,5,12,7,4,1,3,18,14,13,25,18,16,4,25,9,10,12,6,16,15,22,24,19,3,19,22,10,11,19,24,24,8,16,5,17,1,24,9,14,21,2,17,16,4,17,23,23,13,4,15,4,1,20,6,20,14,12,20,22,8,16,1,19,10,18,19,9,7,19,22,6,8,5,9,3,23,19,18,22,2,20,13,17,13,6,24,18,16
2019-01-02 03:00:00+10:00,,,,,1.782364368,1.987801194,1.453393579,1.501056552,5.1293,1.7162,1.4032,0.8501,3.2436,1.236,4.9326,1.6218,2.6421,2.0896,4.481,3.7256,4.7609,3.7479,2.7482,2.8324,3.9953,4.4047,4.1686,1.7869,2.4255,0.9181,0.9622,4.3274,0.5275,0.7833,5.239,0.6107,2.1323,4.8738,4.2181,5.0298,1.6435,2.1924,4.4644,2.4743,1.645,4.7951,3.1582,0.7931,4.485,5.0607,0.1336,5.1635,4.8298,3.1658,3.3258,2.5907,2.3656,1.111,1.8183,3.2865,3.6011,2.188,3.294,16.95,13.34,3.09,17.17,15.94,0.41,1.43,5.71,9.99,10.06,9.21,3.1792,1.4433,1.3393,3.6768,0.2857,0.5919,0.6987,0,1.4726,0.0163,0.2456,0.4539,4.9863,0,0.7565,0.7542,2.8042,0.1369,0.6718,0,0,0.9372,0,1.2386,3.2904,0.8018,0,4.6185,0.3666,1.7105,1.9047,0.6386,0.0702,2.9031,0,0.9599,0,1.6209,0.981,0.8649,4.7817,0,1.2673,1.7149,2.5467,4.8787,2.7069,1.3245,0.5412,0,3.3021,1.2313,0.9042,0.7065,0,0.7552,0.3859,3.1459,0.669,0.827,,,,,,,,,,,17,2,20,11,22,24,20,16,22,22,2,5,21,10,17,5,3,23,21,19,8,16,17,17,7,24,25,11,7,13,20,11,5,18,12,9,7,16,12,22,4,16,23,6,2,12,7,4,10,13,6,19,4,2,25,13,19,7,8,11,7,23,19,16,19,8,23,13,9,10,25,7,22,17,3,23,25,3,18,4,4,11,6,6,4,23,2,4,22,13,7,5,5,13,23,5,22,13,7,4,10,9,4,7,8,4,24,4,11,13,14,13,16,23,15,18,14,21,2,30,4,1,19,18,3,24,25,8,11,24
2019-01-02 04:00:00+10:00,,,,,1.813787222,1.964722991,1.401027441,1.53444159,0.7813,1.9508,3.657,1.5031,2.0203,5.1225,4.067,1.8816,2.6668,0.8787,1.427,3.3941,0.528,5.1252,0.5581,2.0891,4.4043,0.608,3.4236,4.5493,4.7233,4.0316,3.5305,3.1853,3.3471,2.6162,2.4806,0.4652,1.2596,3.7909,0.4156,0.3287,5.2377,4.9937,2.8266,0.8518,5.2363,4.4973,3.2836,2.4886,4.589,2.0439,3.077,3.9536,2.7672,2.3988,4.0584,3.8266,3.9553,0.2963,4.7178,1.0184,1.9578,3.7695,3.8114,4.39,8.3,5.61,3.38,17.83,6.3,0.97,9.78,10.27,1.84,6.71,0.206,3.2402,2.8578,0.772,2.259,2.3557,0.8295,1.4395,1.0788,2.9283,1.1737,0.0948,2.4561,0.8432,1.543,2.5177,1.6196,1.1478,0,3.3665,0.1241,0.8403,2.8094,5.5718,0.775,0,1.5022,0,2.0955,4.4908,2.2755,0,1.4164,0.0344,0.1293,5.9319,1.2746,3.6489,1.7133,1.9792,1.1649,0,4.0833,0.4475,0.3072,1.2097,3.6957,2.3936,3.6485,3.7128,0.6618,0.1193,1.5955,1.7178,0.6359,0.7607,1.8853,1.7753,0.0705,1.1141,,,,,,,,,,,18,18,3,16,22,3,22,22,17,22,22,24,19,4,21,22,18,22,5,4,25,22,2,6,21,6,13,4,19,13,16,7,18,21,13,14,21,5,18,14,21,24,5,24,20,11,4,4,21,22,16,14,9,2,17,11,18,9,12,22,7,20,3,20,12,11,18,12,6,13,25,19,15,20,9,11,21,12,18,11,11,15,3,3,20,12,12,12,5,24,3,17,4,14,14,23,5,2,24,22,20,24,20,5,8,24,22,25,16,20,11,23,2,20,6,20,13,12,20,17,13,9,9,5,7,5,17,4,8,9
2019-01-02 05:00:00+10:00,,,,,1.848555684,2.025084019,1.496510744,1.623313665,2.6024,2.7049,3.9854,2.9058,5.2707,4.6014,1.3569,1.4154,0.5367,3.5373,0.6311,0.1474,1.3095,1.0061,4.5786,0.663,4.682,3.0794,0.4506,0.1522,3.7102,3.617,2.187,3.9682,2.293,2.3813,2.6428,2.1412,3.05,5.213,3.5558,3.5595,3.5825,5.2374,4.7062,4.0665,1.733,0.4906,3.4109,4.3928,0.7144,3.6209,2.4349,3.9254,3.7776,2.1608,4.3935,4.9848,0.8795,0.9235,4.8858,0.7085,0.3674,4.6858,2.406,1.88,1.04,2.72,13.23,15.42,4.13,0.53,4.03,1,0.62,10.38,0.9112,0.5226,1.4461,1.3085,0.2731,1.3584,0.8791,1.6699,3.7189,1.6199,3.2867,0.6819,0,1.4785,2.1982,2.6893,2.4876,0.9203,1.4125,0,2.6649,0.6441,0,1.4615,0.6416,2.6022,0,0,0.5526,0.4868,1.4714,0.0303,0.9203,0.3103,0.276,0.6193,2.6667,0.194,2.4843,0,0.8903,0.8314,0,0,0.9058,0.4381,0,0,2.8179,0,0,1.7688,1.0372,3.8022,0.5905,0.4084,0,0.9588,0.672,0.5427,,,,,,,,,,,19,4,7,4,9,13,3,2,9,20,15,16,20,13,10,18,24,2,15,18,8,15,8,13,25,14,24,12,14,13,18,1,1,5,21,5,13,18,9,20,3,22,20,15,10,22,2,22,12,23,5,12,12,4,5,22,13,17,7,25,5,13,20,14,8,9,13,6,4,9,14,8,17,13,21,6,15,3,3,7,18,6,8,12,13,13,16,16,23,22,12,18,9,12,7,14,13,23,5,21,15,15,6,15,20,24,4,15,21,3,18,8,9,13,5,6,7,18,10,10,9,2,23,5,25,10,14,7,7,6
2019-01-02 06:00:00+10:00,,,,,1.781430006,2.015737772,1.419886708,1.501840115,0.574,2.4524,4.6637,4.4835,3.5474,3.7484,0.6538,0.4288,1.7123,1.3805,5.2282,1.6048,2.6289,4.4811,3.8787,4.7089,2.5852,4.2928,2.7065,4.275,3.9729,2.6974,4.8935,2.8102,5.0036,3.7803,4.9461,3.0247,3.4873,2.9505,1.1628,1.4438,1.5608,0.2105,4.2162,1.873,0.4868,5.0832,4.9109,3.5698,5.0244,2.3993,2.2586,0.2801,1.3299,4.1678,0.235,2.0278,1.4771,2.5247,2.9619,5.1506,4.3632,2.009,4.8862,15.72,4.98,9.51,17.42,4.75,2.54,6.16,1.88,0.31,1.48,13.08,1.822,0,1.0071,0.1905,3.4455,0.841,0.5186,0.911,0.0088,2.9768,3.6025,0.9914,0.411,4.9096,0.0002,0.0534,2.4352,0.3142,2.1715,1.3306,0.8367,0,0.3679,1.4987,2.8016,0.9118,1.4668,0.9195,1.8491,0.9792,3.6188,0.6961,1.2469,0,2.0317,3.9494,0.2053,0.6349,2.5777,3.0639,0.9421,0,0.325,4.572,0,2.8675,0.8872,1.2921,0.3343,1.4489,1.477,0.6362,4.7825,0.6116,0.1245,1.2444,0,4.6297,0.3301,3.6678,,,,,,,,,,,20,21,3,13,23,12,8,8,17,21,20,18,24,3,19,5,22,1,11,25,12,24,14,11,13,8,6,14,3,19,13,8,22,18,5,12,22,4,11,20,12,6,15,17,23,22,6,7,9,3,3,23,11,3,7,12,24,13,6,9,19,6,16,2,17,4,2,6,9,12,20,15,9,2,5,2,8,24,25,24,13,20,23,18,16,12,10,9,15,4,6,14,13,7,16,9,24,13,24,3,9,13,12,24,1,19,8,23,3,24,20,12,13,18,10,4,1,14,5,4,10,13,23,25,24,5,11,14,24,9
2019-01-02 07:00:00+10:00,,,,,1.766498923,2.011800051,1.434188247,1.523944139,3.6634,4.2666,2.741,3.5259,1.7417,0.6139,2.8677,3.6856,3.142,0.5021,4.0772,2.2711,1.9876,3.486,5.1803,4.3697,4.335,0.8196,0.3974,1.002,1.1351,2.977,5.1929,3.6819,3.2237,2.2614,4.2858,3.9442,2.9405,4.6239,0.6038,0.8048,0.3445,3.9544,3.6928,1.3236,5.029,1.197,1.8872,4.8599,4.0055,3.6055,3.73,4.9051,1.0719,1.5623,4.5949,2.8581,1.4429,5.2601,1.562,2.9039,5.2785,3.9267,3.4901,8.41,7.35,12.48,1.33,8.45,0.28,4.09,2.36,8.15,2.21,11.89,1.7354,5.2028,5.1935,0,1.5557,2.7962,0,1.1605,1.1485,0.472,4.6141,1.9976,0.6344,3.5993,1.9756,0.8134,0.1929,1.9933,0,0.6988,1.4732,0.0373,2.0942,0.6132,0,3.9785,1.9135,2.0631,1.5091,1.022,0,2.8801,1.9597,0.1086,2.2076,0.5814,3.457,1.7226,0.6601,2.1619,0,0.234,4.2911,4.1274,0,2.8798,1.2874,2.7123,0.0276,1.0069,0.3407,0,1.3253,2.7939,0.8956,0.7784,1.5817,0,0.7868,4.0888,,,,,,,,,,,21,21,11,2,23,23,5,6,9,19,21,23,11,10,16,18,18,8,21,3,11,5,18,1,19,20,19,16,19,14,18,22,10,15,5,3,12,17,8,22,9,10,6,16,7,17,3,22,3,8,25,10,3,14,20,9,16,2,2,19,7,19,3,9,4,16,11,18,9,7,9,11,17,7,23,18,5,16,14,1,20,18,4,11,14,5,5,15,25,13,7,20,3,17,16,3,13,21,2,18,6,5,14,7,3,22,14,25,21,22,5,8,15,9,22,20,20,5,20,10,13,12,15,21,5,15,9,12,16,20
2019-01-02 08:00:00+10:00,,,,,1.81345892,2.029412985,1.42323792,1.556626201,4.0525,4.3878,2.3375,2.6766,0.7762,4.6206,0.3063,3.2647,0.9119,3.4427,1.379,1.6159,1.7298,2.0695,2.1285,1.071,2.1811,2.2594,5.1532,2.6015,3.311,4.529,4.5635,3.9429,3.4815,3.5118,2.4041,0.5536,0.5536,2.8504,0.3697,4.4629,0.9932,2.2516,2.6832,1.1058,4.6287,2.2595,0.28,4.7609,3.1064,1.0838,2.1386,3.5025,0.5425,3.3626,0.4828,2.7352,2.3134,4.323,1.9795,1.3844,3.8213,4.0619,0.2351,2.39,7.12,3.84,14.57,9.4,0.25,3.86,9.67,3.18,13.75,10.41,0.234,0,0.9513,0.4422,0.9089,1.7666,0,5.5664,3.8946,0,1.6333,1.7654,0,0,4.9294,0.5413,2.2953,0.7295,4.2147,0.6379,1.1935,5.8966,0,0.8049,1.1241,1.3326,4.7195,0.6322,1.2856,0.8384,0.0743,0.5777,2.8587,0.5206,2.3532,0,0,5.9292,1.8957,0,1.9127,2.4872,0.9219,1.6218,2.9819,0.033,0,0.5192,1.5308,1.771,2.8671,1.4629,1.4574,0.1311,3.9653,3.4181,0,1.4283,0,2.5834,,,,,,,,,,,22,24,14,9,6,4,19,19,21,18,4,15,25,21,11,24,13,3,23,1,8,5,16,7,2,9,13,21,22,25,21,3,13,14,23,6,17,11,7,2,5,14,16,3,6,16,18,6,6,23,16,3,15,19,10,15,3,5,4,10,7,6,9,2,19,23,24,9,6,7,17,3,11,12,5,18,16,9,3,2,6,16,9,19,22,5,6,5,8,10,14,13,17,11,24,25,16,8,20,23,6,19,10,15,24,18,10,24,14,9,6,24,14,15,2,2,1,11,13,2,13,19,5,6,2,7,21,1,8,22
2019-01-02 09:00:00+10:00,,,,,1.752164841,1.931109667,1.404334068,1.497889161,1.4461,3.1516,3.9052,4.8001,4.6798,4.8636,2.1866,1.5156,2.618,2.118,1.0976,1.8059,0.2149,4.7584,4.5711,0.1352,2.0383,0.641,1.3517,3.0235,1.8462,3.9668,1.8795,3.5615,2.2385,1.7088,3.1244,3.7225,4.5891,0.3352,2.8142,2.9136,3.6895,1.6341,3.3621,4.9096,2.4153,2.7143,4.6084,2.2626,3.1659,1.069,4.5474,4.3344,0.2779,4.1897,1.0448,3.9347,2.7497,3.6366,4.0561,2.0616,0.8187,4.2635,0.9299,8.63,6.68,0.32,16.1,7.71,0.8,5.98,8.45,9.69,0.35,7.17,3.8248,3.8288,0,3.3835,0,1.098,0,0.0429,5.8972,1.1464,2.7527,0,2.4824,1.1301,1.1533,0.5778,0.4013,0.9027,2.7031,0.3983,0.0496,3.5729,3.7813,0,1.4657,3.8753,2.7357,1.3263,0.2387,1.7637,0.2311,2.9867,0.3751,0.7712,0.9482,2.7812,0,2.8573,5.4266,1.8531,0,2.2991,4.7338,3.1788,3.4689,0.7324,0.8404,0.5567,0,0.5619,5.0698,1.8334,0,0.7305,3.0043,4.9055,2.8849,2.5415,0,0.7927,,,,,,,,,,,23,18,7,5,4,10,2,22,19,2,23,5,24,12,10,21,16,6,4,11,25,15,13,9,15,11,12,21,11,18,16,13,11,19,20,12,13,16,5,15,25,20,8,25,3,23,15,5,18,11,17,20,15,17,21,6,15,11,5,10,2,13,21,10,23,10,24,22,13,22,6,4,13,24,17,1,15,8,17,21,2,5,18,19,16,7,23,16,18,8,10,9,12,16,19,15,10,8,6,7,1,11,9,8,11,9,22,18,5,2,11,20,16,5,17,25,4,4,1,7,24,7,2,2,20,19,21,11,19,21
2019-01-02 10:00:00+10:00,,,,,1.842713594,1.971760869,1.374163628,1.511509657,0.8304,2.0275,3.5919,3.3044,1.4598,3.7001,1.0775,2.1549,4.3626,4.1285,3.7771,3.8254,3.3566,3.0043,1.483,2.4131,3.3638,4.3014,4.6574,0.2949,3.675,2.9658,4.0228,1.0786,0.9562,0.5499,1.2588,4.9707,3.6564,5.1252,2.4396,3.8369,4.0466,4.201,3.2868,3.1242,3.9462,4.9184,2.2357,3.6628,2.8683,2.2406,5.0482,1.1578,1.7249,5.2305,2.4326,3.8414,3.1312,0.4876,2.9316,2.2297,2.9783,4.378,4.374,16.52,7.76,14.33,10.16,12.33,2.62,5.86,2.7,0.6,9.73,4.46,2.8886,0.3957,0,0.3375,2.9784,0.3989,1.1222,5.3765,0.5412,1.5721,0,0.1131,1.3147,3.0928,1.2071,0.912,3.2188,0.1191,1.9466,1.3876,2.4581,2.166,0.7983,0.2445,0.4999,5.4481,3.875,2.7149,2.7106,1.4163,2.3977,0,2.3801,0.874,0.4369,0.8127,5.9782,0,3.6629,3.5698,1.5759,0.4558,0,1.1139,3.4304,2.1154,3.4899,2.0312,4.2294,2.8632,0.8134,4.2318,0,3.7596,0.1349,2.5915,2.0059,0.4699,0,4.7368,,,,,,,,,,,24,4,22,22,23,17,5,7,23,19,4,17,23,9,8,2,2,16,8,4,17,11,7,9,17,7,25,18,7,20,23,7,4,5,19,13,8,21,16,22,14,14,12,21,3,23,10,4,5,16,15,9,25,5,18,19,19,15,23,16,24,2,5,10,12,20,25,6,11,20,14,18,11,11,22,3,20,22,9,12,13,4,11,4,6,19,1,19,5,3,6,14,5,9,9,8,21,22,22,11,20,10,7,7,14,5,21,7,24,2,13,20,6,14,16,6,9,22,22,0,25,18,3,19,13,15,10,19,10,3
